{"sections":{"image_banner":{"type":"image-banner","blocks":{"heading":{"type":"heading","settings":{"heading":"Talk about your brand","heading_size":"medium"}},"button":{"type":"buttons","settings":{"button_label_1":"Shop all","button_link_1":"shopify:\/\/collections\/all","button_style_secondary_1":false,"button_label_2":"","button_link_2":"","button_style_secondary_2":false}}},"block_order":["heading","button"],"settings":{"image_height":"medium","adapt_height_first_image":false,"desktop_text_box_position":"flex-end","show_text_box":true,"image_overlay_opacity":0,"color_scheme":"background-1","stack_images_on_mobile":true,"show_text_below":true}},"rich_text":{"type":"rich-text","blocks":{"heading":{"type":"heading","settings":{"heading":"Talk about your brand","heading_size":"h1"}},"text":{"type":"text","settings":{"text":"<p>Share information about your brand with your customers. Describe a product, make announcements, or welcome customers to your store.<\/p>"}},"button":{"type":"button","settings":{"button_label":"Button label","button_link":"","button_style_secondary":false}}},"block_order":["heading","text","button"],"settings":{"color_scheme":"background-1","full_width":true}},"featured_products":{"type":"featured-collection","settings":{"title":"Featured products","collection":"","products_to_show":4,"show_view_all":false,"swipe_on_mobile":false,"image_ratio":"square","show_secondary_image":false,"add_image_padding":false,"show_image_outline":false,"show_vendor":false,"show_rating":false}},"collage":{"type":"collage","blocks":{"60a8f985-f92e-4ba3-aff0-175d5bfa671f":{"type":"image","settings":{"image":"shopify:\/\/shop_images\/about-background-1.png","image_padding":false,"color_scheme":"background-1"}},"ef6e3ca8-4739-463a-8c7f-baab8d8e49c6":{"type":"video","settings":{"video_url":"https:\/\/www.youtube.com\/watch?v=_9VUPq3SxOc","description":"Describe the video","image_padding":false}},"79ef4c90-d211-414e-aeb3-d7a915b9f04b":{"type":"collection","settings":{"collection":"","image_padding":false,"color_scheme":"background-1"}}},"block_order":["60a8f985-f92e-4ba3-aff0-175d5bfa671f","ef6e3ca8-4739-463a-8c7f-baab8d8e49c6","79ef4c90-d211-414e-aeb3-d7a915b9f04b"],"settings":{"heading":"Multimedia collage","desktop_layout":"left","mobile_layout":"collage"}},"video":{"type":"video","settings":{"heading":"Video","video_url":"https:\/\/www.youtube.com\/watch?v=_9VUPq3SxOc","description":"","full_width":false}},"multi_column":{"type":"multicolumn","blocks":{"column1":{"type":"column","settings":{"title":"Column","text":"<p>Pair text with an image to focus on your chosen product, collection, or blog post. Add details on availability, style, or even provide a review.<\/p>"}},"column2":{"type":"column","settings":{"title":"Column","text":"<p>Pair text with an image to focus on your chosen product, collection, or blog post. Add details on availability, style, or even provide a review.<\/p>"}},"column3":{"type":"column","settings":{"title":"Column","text":"<p>Pair text with an image to focus on your chosen product, collection, or blog post. Add details on availability, style, or even provide a review.<\/p>"}}},"block_order":["column1","column2","column3"],"settings":{"title":"Multicolumn","image_width":"full","image_ratio":"adapt","column_alignment":"left","background_style":"primary","button_label":"Button label","button_link":"","swipe_on_mobile":false}},"1641979868eeecdbf6":{"type":"featured-blog","settings":{"heading":"Blog posts","blog":"news","post_limit":2,"show_image":true,"show_date":true,"show_author":true,"soft_background":true,"show_view_all":true}}},"order":["image_banner","rich_text","featured_products","collage","video","multi_column","1641979868eeecdbf6"]}